name,osm_id,geojson
"",1829184920,'{"type":"Point","coordinates":[-122.651805,45.5299082]}'
"",279818329,'{"type":"Point","coordinates":[-122.6551675,45.5310076]}'
"",1382153462,'{"type":"Point","coordinates":[-122.6545786,45.530146]}'
"",470150335,'{"type":"Point","coordinates":[-122.6528378,45.5296809]}'
"",40542421,'{"type":"Point","coordinates":[-122.660661,45.5315072]}'
"",1474540642,'{"type":"Point","coordinates":[-122.6540754,45.5335386]}'
"",471262900,'{"type":"Point","coordinates":[-122.655109,45.5289897]}'
"",333836785,'{"type":"Point","coordinates":[-122.6545049,45.5302129]}'
"",333837951,'{"type":"Point","coordinates":[-122.6556524,45.530059]}'
"",1739871005,'{"type":"Point","coordinates":[-122.6562397,45.5317922]}'
"",300783095,'{"type":"Point","coordinates":[-122.6557235,45.5328035]}'
"",1757629716,'{"type":"Point","coordinates":[-122.6557366,45.5319256]}'
"",1396605050,'{"type":"Point","coordinates":[-122.6526803,45.5313607]}'
"",1382177124,'{"type":"Point","coordinates":[-122.651186,45.5301321]}'
"",1382177091,'{"type":"Point","coordinates":[-122.6526935,45.5299963]}'
"",470106542,'{"type":"Point","coordinates":[-122.6523976,45.5313386]}'
"",1323025131,'{"type":"Point","coordinates":[-122.6553904,45.5300907]}'
"",333835329,'{"type":"Point","coordinates":[-122.6529684,45.5303572]}'
"",471262901,'{"type":"Point","coordinates":[-122.6549974,45.5290438]}'
"",1426559338,'{"type":"Point","coordinates":[-122.6544587,45.5313743]}'
"",471262892,'{"type":"Point","coordinates":[-122.6556755,45.5292182]}'
"",279818330,'{"type":"Point","coordinates":[-122.655164,45.5311874]}'
"",279818348,'{"type":"Point","coordinates":[-122.6564502,45.5313899]}'
"",1474540527,'{"type":"Point","coordinates":[-122.6546036,45.5315956]}'
"",1426559323,'{"type":"Point","coordinates":[-122.6510365,45.5301754]}'
"",1739870872,'{"type":"Point","coordinates":[-122.6536674,45.530722]}'
"",1739870867,'{"type":"Point","coordinates":[-122.6533462,45.5306355]}'
"",470150313,'{"type":"Point","coordinates":[-122.654276,45.5293891]}'
"",333841673,'{"type":"Point","coordinates":[-122.6647343,45.5300853]}'
"",333839770,'{"type":"Point","coordinates":[-122.6616833,45.5301073]}'
"",1564519435,'{"type":"Point","coordinates":[-122.6526854,45.5313086]}'
"",1829184932,'{"type":"Point","coordinates":[-122.6545794,45.5301191]}'
"",1323023980,'{"type":"Point","coordinates":[-122.6511845,45.5300951]}'
"",300783087,'{"type":"Point","coordinates":[-122.6508615,45.5324536]}'
"Northeast 13th Avenue & Holladay Street Southbound",1747812379,'{"type":"Point","coordinates":[-122.652603,45.530281]}'
"",333839348,'{"type":"Point","coordinates":[-122.6576222,45.5300759]}'
"",1757629723,'{"type":"Point","coordinates":[-122.6528932,45.5335359]}'
"",1323024173,'{"type":"Point","coordinates":[-122.6667176,45.5295468]}'
"",1829184934,'{"type":"Point","coordinates":[-122.6522771,45.5301303]}'
"",40395392,'{"type":"Point","coordinates":[-122.6525696,45.5296561]}'
"",470150331,'{"type":"Point","coordinates":[-122.6527717,45.5299373]}'
"",1739870921,'{"type":"Point","coordinates":[-122.6534663,45.5309446]}'
"",1739870997,'{"type":"Point","coordinates":[-122.6564832,45.5316154]}'
"",1382177190,'{"type":"Point","coordinates":[-122.6506414,45.5314719]}'
"",1649775756,'{"type":"Point","coordinates":[-122.6530714,45.5324086]}'
"",1739870859,'{"type":"Point","coordinates":[-122.6564421,45.5300948]}'
"",1396603094,'{"type":"Point","coordinates":[-122.6586523,45.5315005]}'
"",1323024604,'{"type":"Point","coordinates":[-122.6567966,45.5300646]}'
"",471262904,'{"type":"Point","coordinates":[-122.6547743,45.5292182]}'
"",1957478606,'{"type":"Point","coordinates":[-122.6595611,45.5301062]}'
"",1426559334,'{"type":"Point","coordinates":[-122.6549599,45.5307597]}'
"",1739870821,'{"type":"Point","coordinates":[-122.6544371,45.5294271]}'
"",1382153497,'{"type":"Point","coordinates":[-122.6525506,45.5301875]}'
"Northeast 11th Avenue & Holladay",1747812327,'{"type":"Point","coordinates":[-122.6544412,45.5299302]}'
"",1323024283,'{"type":"Point","coordinates":[-122.6520887,45.5300563]}'
"",470150341,'{"type":"Point","coordinates":[-122.6531502,45.5296105]}'
"",470103838,'{"type":"Point","coordinates":[-122.6524222,45.5315875]}'
"",1738806583,'{"type":"Point","coordinates":[-122.6567279,45.5313986]}'
"",1323024234,'{"type":"Point","coordinates":[-122.663881,45.5301162]}'
"",1426559324,'{"type":"Point","coordinates":[-122.6544561,45.5301738]}'
"",1426573344,'{"type":"Point","coordinates":[-122.6528378,45.5296907]}'
"",1396250527,'{"type":"Point","coordinates":[-122.6597522,45.530073]}'
"",1426559330,'{"type":"Point","coordinates":[-122.6506618,45.5304614]}'
"",1738806543,'{"type":"Point","coordinates":[-122.6522643,45.5313556]}'
"",1382177118,'{"type":"Point","coordinates":[-122.6568511,45.5301361]}'
"",1323024967,'{"type":"Point","coordinates":[-122.6636188,45.5301129]}'
"",1323023891,'{"type":"Point","coordinates":[-122.6511789,45.5300566]}'
"",1739870825,'{"type":"Point","coordinates":[-122.6544527,45.5295485]}'
"",333840599,'{"type":"Point","coordinates":[-122.6596813,45.5300727]}'
"",279818324,'{"type":"Point","coordinates":[-122.6550538,45.5305078]}'
"",333832064,'{"type":"Point","coordinates":[-122.6509412,45.5300892]}'
"",1739870858,'{"type":"Point","coordinates":[-122.656442,45.5300621]}'
"",1382177106,'{"type":"Point","coordinates":[-122.6512537,45.5301271]}'
"",333836791,'{"type":"Point","coordinates":[-122.6545074,45.5312548]}'
"",333833186,'{"type":"Point","coordinates":[-122.6532358,45.5300528]}'
"",1382177085,'{"type":"Point","coordinates":[-122.651801,45.5296899]}'
"",1426559335,'{"type":"Point","coordinates":[-122.6520993,45.5313376]}'
"",1474540550,'{"type":"Point","coordinates":[-122.65601,45.5318327]}'
"",1739870898,'{"type":"Point","coordinates":[-122.6536901,45.5308428]}'
"",333841494,'{"type":"Point","coordinates":[-122.6637189,45.5300799]}'
"",1382153466,'{"type":"Point","coordinates":[-122.6627357,45.5301081]}'
"",1396250558,'{"type":"Point","coordinates":[-122.6638283,45.5301154]}'
"",1342520151,'{"type":"Point","coordinates":[-122.652586,45.529596]}'
"",279819354,'{"type":"Point","coordinates":[-122.6554619,45.5306151]}'
"",1757629721,'{"type":"Point","coordinates":[-122.6514769,45.5325549]}'
"",1396605335,'{"type":"Point","coordinates":[-122.6544492,45.5299374]}'
"",1323023951,'{"type":"Point","coordinates":[-122.6559019,45.5300845]}'
"",1739870994,'{"type":"Point","coordinates":[-122.6564846,45.5316105]}'
"",40624964,'{"type":"Point","coordinates":[-122.6565851,45.5343514]}'
"",1382177079,'{"type":"Point","coordinates":[-122.6520604,45.5296519]}'
"",1396604479,'{"type":"Point","coordinates":[-122.6565966,45.5315968]}'
"",1426559331,'{"type":"Point","coordinates":[-122.654785,45.5305073]}'
"",1396604471,'{"type":"Point","coordinates":[-122.656588,45.5292566]}'
"",1739870978,'{"type":"Point","coordinates":[-122.6564738,45.5315928]}'
"",1829184970,'{"type":"Point","coordinates":[-122.6545966,45.5306449]}'
"",1474540532,'{"type":"Point","coordinates":[-122.6564812,45.5315973]}'
"",1474540641,'{"type":"Point","coordinates":[-122.653559,45.5335381]}'
"",1323024965,'{"type":"Point","coordinates":[-122.654504,45.5305762]}'
"",1426573399,'{"type":"Point","coordinates":[-122.6534004,45.530202]}'
"",1342520155,'{"type":"Point","coordinates":[-122.6525981,45.5295455]}'
"",40576506,'{"type":"Point","coordinates":[-122.6545831,45.5299986]}'
"",1323025189,'{"type":"Point","coordinates":[-122.6528829,45.5301171]}'
"",1382177125,'{"type":"Point","coordinates":[-122.65699,45.5301397]}'
"",279819888,'{"type":"Point","coordinates":[-122.6564538,45.5304723]}'
"",1738806546,'{"type":"Point","coordinates":[-122.6523811,45.5313559]}'
"",1829184926,'{"type":"Point","coordinates":[-122.6512111,45.5299774]}'
"",333836780,'{"type":"Point","coordinates":[-122.6547356,45.5300503]}'
"",471262878,'{"type":"Point","coordinates":[-122.6556497,45.5296872]}'
"",1396604485,'{"type":"Point","coordinates":[-122.6565887,45.533726]}'
"",470150340,'{"type":"Point","coordinates":[-122.6531502,45.5296267]}'
"",1474540581,'{"type":"Point","coordinates":[-122.6563822,45.5321395]}'
"",1323024825,'{"type":"Point","coordinates":[-122.6658515,45.5300885]}'
"",333836995,'{"type":"Point","coordinates":[-122.6546149,45.530146]}'
"",1829184912,'{"type":"Point","coordinates":[-122.6537893,45.5295796]}'
"",279818955,'{"type":"Point","coordinates":[-122.6554643,45.5305147]}'
"",1739870848,'{"type":"Point","coordinates":[-122.654757,45.5299463]}'
"",471262903,'{"type":"Point","coordinates":[-122.6548172,45.5291581]}'
"",40620303,'{"type":"Point","coordinates":[-122.6516826,45.5296844]}'
"",1829184928,'{"type":"Point","coordinates":[-122.6525559,45.5300801]}'
"",1382153394,'{"type":"Point","coordinates":[-122.653682,45.5295417]}'
"",471262881,'{"type":"Point","coordinates":[-122.6558128,45.5296211]}'
"",1738806528,'{"type":"Point","coordinates":[-122.6544712,45.5312833]}'
"",1396606635,'{"type":"Point","coordinates":[-122.6526905,45.5294822]}'
"",1651261089,'{"type":"Point","coordinates":[-122.6550514,45.5306803]}'
"",1739870836,'{"type":"Point","coordinates":[-122.6544522,45.5297733]}'
"",1426559329,'{"type":"Point","coordinates":[-122.6507624,45.5303388]}'
"",1829184988,'{"type":"Point","coordinates":[-122.6545972,45.5308167]}'
"",1829184918,'{"type":"Point","coordinates":[-122.6519017,45.5298829]}'
"",664384282,'{"type":"Point","coordinates":[-122.6656692,45.5300869]}'
"",471262882,'{"type":"Point","coordinates":[-122.6558557,45.529585]}'
"",1197164440,'{"type":"Point","coordinates":[-122.665787,45.5300911]}'
"",333836790,'{"type":"Point","coordinates":[-122.6545105,45.5306858]}'
"",1739870818,'{"type":"Point","coordinates":[-122.6544213,45.5293878]}'
"",1396250538,'{"type":"Point","coordinates":[-122.6646336,45.5300843]}'
"",1382153472,'{"type":"Point","coordinates":[-122.6545616,45.5301341]}'
"",1739870918,'{"type":"Point","coordinates":[-122.6534289,45.5309301]}'
"",1426559333,'{"type":"Point","coordinates":[-122.6547418,45.5307565]}'
"",471262879,'{"type":"Point","coordinates":[-122.6556497,45.5296451]}'
"",471262884,'{"type":"Point","coordinates":[-122.6558729,45.5295068]}'
"",1396603083,'{"type":"Point","coordinates":[-122.6586603,45.5300745]}'
"",300783075,'{"type":"Point","coordinates":[-122.6564145,45.5327691]}'
"",1651261086,'{"type":"Point","coordinates":[-122.6553736,45.5301812]}'
"",1426573282,'{"type":"Point","coordinates":[-122.6533493,45.5294009]}'
"",356038428,'{"type":"Point","coordinates":[-122.6559007,45.5318163]}'
"",1738806566,'{"type":"Point","coordinates":[-122.6527108,45.5313828]}'
"",1739870999,'{"type":"Point","coordinates":[-122.656477,45.5316204]}'
"",40535264,'{"type":"Point","coordinates":[-122.6546027,45.5314894]}'
"",1382153486,'{"type":"Point","coordinates":[-122.6566068,45.53016]}'
"",1396250630,'{"type":"Point","coordinates":[-122.6505931,45.5303796]}'
"",333834682,'{"type":"Point","coordinates":[-122.6535678,45.5307671]}'
"",470150321,'{"type":"Point","coordinates":[-122.6543783,45.5294691]}'
"",1382177129,'{"type":"Point","coordinates":[-122.6525525,45.5301489]}'
"",470178645,'{"type":"Point","coordinates":[-122.657101,45.5299025]}'
"",1323025308,'{"type":"Point","coordinates":[-122.6660099,45.5300649]}'
"",333848889,'{"type":"Point","coordinates":[-122.6659086,45.5300834]}'
"",1396606636,'{"type":"Point","coordinates":[-122.6526303,45.5295097]}'
"",1739870870,'{"type":"Point","coordinates":[-122.6536781,45.5306913]}'
"",470178661,'{"type":"Point","coordinates":[-122.6570323,45.5297401]}'
"",1739871062,'{"type":"Point","coordinates":[-122.6561884,45.5327693]}'
"",1396603087,'{"type":"Point","coordinates":[-122.6586607,45.5301088]}'
"",1426573384,'{"type":"Point","coordinates":[-122.6544773,45.5301809]}'
"",333835169,'{"type":"Point","coordinates":[-122.6541459,45.5303644]}'
"",1323024043,'{"type":"Point","coordinates":[-122.6571177,45.5300683]}'
"",40609577,'{"type":"Point","coordinates":[-122.6525622,45.5297324]}'
"Northeast Multnomah Street & Northeast 11th Avenue Eastbound",1747813230,'{"type":"Point","coordinates":[-122.653908,45.531418]}'
"",333848848,'{"type":"Point","coordinates":[-122.6666666,45.5296127]}'
"",1739870830,'{"type":"Point","coordinates":[-122.654452,45.5296597]}'
"",40542434,'{"type":"Point","coordinates":[-122.6505132,45.5314712]}'
"",1382177114,'{"type":"Point","coordinates":[-122.6566047,45.5301369]}'
"",279818331,'{"type":"Point","coordinates":[-122.6547324,45.5312331]}'
"",1739870922,'{"type":"Point","coordinates":[-122.6536951,45.5309463]}'
"",1426573310,'{"type":"Point","coordinates":[-122.653028,45.5296406]}'
"",1738806610,'{"type":"Point","coordinates":[-122.654704,45.5315811]}'
"",1739870853,'{"type":"Point","coordinates":[-122.6550024,45.5299512]}'
"",1323024778,'{"type":"Point","coordinates":[-122.6545502,45.5301988]}'
"",1396604491,'{"type":"Point","coordinates":[-122.656585,45.5344275]}'
"",1396604476,'{"type":"Point","coordinates":[-122.6567295,45.5314946]}'
"",1739870869,'{"type":"Point","coordinates":[-122.6536618,45.5306797]}'
"",1323025142,'{"type":"Point","coordinates":[-122.6666345,45.5296523]}'
"",1738806614,'{"type":"Point","coordinates":[-122.6546035,45.5315815]}'
"",1739870923,'{"type":"Point","coordinates":[-122.6536618,45.5309524]}'
"",333848893,'{"type":"Point","coordinates":[-122.666366,45.5298626]}'
"",40542436,'{"type":"Point","coordinates":[-122.6494832,45.5314705]}'
"",1323025244,'{"type":"Point","coordinates":[-122.6667581,45.5294769]}'
"",256174752,'{"type":"Point","coordinates":[-122.654334,45.52906]}'
"",471262888,'{"type":"Point","coordinates":[-122.6557264,45.5293932]}'
"",1323025340,'{"type":"Point","coordinates":[-122.6551287,45.5300916]}'
"",333835330,'{"type":"Point","coordinates":[-122.6529587,45.5312046]}'
"",356037027,'{"type":"Point","coordinates":[-122.650891,45.5326196]}'
"",471262891,'{"type":"Point","coordinates":[-122.6556755,45.5292904]}'
"",1739871126,'{"type":"Point","coordinates":[-122.6564491,45.5334471]}'
"",1396250622,'{"type":"Point","coordinates":[-122.6506511,45.5303502]}'
"",1739870808,'{"type":"Point","coordinates":[-122.6542845,45.5292331]}'
"",471262875,'{"type":"Point","coordinates":[-122.6564222,45.5293565]}'
"",1829184968,'{"type":"Point","coordinates":[-122.6545911,45.53059]}'
"",1342520162,'{"type":"Point","coordinates":[-122.6534916,45.5292429]}'
"",333833188,'{"type":"Point","coordinates":[-122.6544491,45.5300514]}'
"",1829184915,'{"type":"Point","coordinates":[-122.6521788,45.5297934]}'
"",1739870856,'{"type":"Point","coordinates":[-122.6560539,45.5299612]}'
"",1382153403,'{"type":"Point","coordinates":[-122.6545828,45.5296877]}'
"",256174757,'{"type":"Point","coordinates":[-122.652306,45.5297535]}'
"",1426559327,'{"type":"Point","coordinates":[-122.6564528,45.5302017]}'
"Rose Quarter Transit Center",333847636,'{"type":"Point","coordinates":[-122.6652439,45.5300865]}'
"",1829184964,'{"type":"Point","coordinates":[-122.6545826,45.5305171]}'
"",1738806615,'{"type":"Point","coordinates":[-122.6558048,45.5315822]}'
"",1738806611,'{"type":"Point","coordinates":[-122.6521764,45.5315812]}'
"",1382177128,'{"type":"Point","coordinates":[-122.6545491,45.530146]}'
"",333836783,'{"type":"Point","coordinates":[-122.6546035,45.530103]}'
"",1739871003,'{"type":"Point","coordinates":[-122.6564646,45.5316345]}'
"",470150333,'{"type":"Point","coordinates":[-122.6527716,45.5298333]}'
"",1426573346,'{"type":"Point","coordinates":[-122.6527937,45.5297598]}'
"7th Avenue",333839350,'{"type":"Point","coordinates":[-122.6580638,45.5300817]}'
"",1396603084,'{"type":"Point","coordinates":[-122.6607952,45.5300762]}'
"",279818321,'{"type":"Point","coordinates":[-122.6564067,45.5301576]}'
"",1426559328,'{"type":"Point","coordinates":[-122.6508193,45.5302919]}'
"",40579096,'{"type":"Point","coordinates":[-122.656586,45.5293157]}'
"",1739870888,'{"type":"Point","coordinates":[-122.6537943,45.5307753]}'
"",1739870855,'{"type":"Point","coordinates":[-122.6560237,45.5299612]}'
"",1382177166,'{"type":"Point","coordinates":[-122.6505664,45.5304254]}'
"Northeast 9th Avenue & Holladay Street",1747812494,'{"type":"Point","coordinates":[-122.656532,45.529812]}'
"Lloyd Center",333833430,'{"type":"Point","coordinates":[-122.6540177,45.5301126]}'
"",470106552,'{"type":"Point","coordinates":[-122.6512939,45.5301382]}'
"",1382177109,'{"type":"Point","coordinates":[-122.6559941,45.530134]}'
"",1829184938,'{"type":"Point","coordinates":[-122.6545139,45.5302617]}'
"",1396605056,'{"type":"Point","coordinates":[-122.6524064,45.5314816]}'
"",300783080,'{"type":"Point","coordinates":[-122.6557356,45.5319591]}'
"",333848892,'{"type":"Point","coordinates":[-122.6662477,45.5299446]}'
"",1382153397,'{"type":"Point","coordinates":[-122.6545791,45.5296097]}'
"",471262908,'{"type":"Point","coordinates":[-122.6547399,45.5296872]}'
"",471262907,'{"type":"Point","coordinates":[-122.6552893,45.5296872]}'
"",1829184927,'{"type":"Point","coordinates":[-122.6525389,45.5300543]}'
"",1396603082,'{"type":"Point","coordinates":[-122.6587835,45.5300697]}'
"",1739870857,'{"type":"Point","coordinates":[-122.6564418,45.5299979]}'
"",333848857,'{"type":"Point","coordinates":[-122.6665252,45.5297507]}'
"",1739870824,'{"type":"Point","coordinates":[-122.6544474,45.5294719]}'
"",1323025326,'{"type":"Point","coordinates":[-122.6641151,45.5301314]}'
"",333836789,'{"type":"Point","coordinates":[-122.6544996,45.5305007]}'
"",1757629720,'{"type":"Point","coordinates":[-122.6508589,45.5325508]}'
"",1389071670,'{"type":"Point","coordinates":[-122.6615541,45.5301082]}'
"",1738806541,'{"type":"Point","coordinates":[-122.6523931,45.5313554]}'
"",1426573339,'{"type":"Point","coordinates":[-122.653028,45.529653]}'
"",471262885,'{"type":"Point","coordinates":[-122.6558643,45.5294707]}'
"",1323025217,'{"type":"Point","coordinates":[-122.6544997,45.5302503]}'
"",1323025011,'{"type":"Point","coordinates":[-122.6531382,45.5301192]}'
"",1396605061,'{"type":"Point","coordinates":[-122.6595712,45.5315035]}'
"",470103084,'{"type":"Point","coordinates":[-122.65609,45.5317616]}'
"",1323024853,'{"type":"Point","coordinates":[-122.6526931,45.5300551]}'
"",470103839,'{"type":"Point","coordinates":[-122.652422,45.5315967]}'
"",471262898,'{"type":"Point","coordinates":[-122.6554523,45.5288875]}'
"",1396250536,'{"type":"Point","coordinates":[-122.6626727,45.530077]}'
"",1426573288,'{"type":"Point","coordinates":[-122.6533906,45.5294847]}'
"",1829184910,'{"type":"Point","coordinates":[-122.6537059,45.5295727]}'
"",279818952,'{"type":"Point","coordinates":[-122.6549623,45.5306184]}'
"",1396603089,'{"type":"Point","coordinates":[-122.6607951,45.5301095]}'
"",1739870912,'{"type":"Point","coordinates":[-122.653376,45.5309045]}'
"",1757629712,'{"type":"Point","coordinates":[-122.6525434,45.5315846]}'
"",1382153494,'{"type":"Point","coordinates":[-122.6545778,45.5301705]}'
"",470150303,'{"type":"Point","coordinates":[-122.6537899,45.5294367]}'
"",333842551,'{"type":"Point","coordinates":[-122.6657317,45.5300891]}'
"",1426573348,'{"type":"Point","coordinates":[-122.6527851,45.5298333]}'
"",1860629092,'{"type":"Point","coordinates":[-122.6565872,45.5339593]}'
"",356038439,'{"type":"Point","coordinates":[-122.6530849,45.5316566]}'
"",1829184907,'{"type":"Point","coordinates":[-122.6532108,45.5293443]}'
"",1323024519,'{"type":"Point","coordinates":[-122.6661147,45.5300295]}'
"",1382177102,'{"type":"Point","coordinates":[-122.6526929,45.5300845]}'
"",1382177139,'{"type":"Point","coordinates":[-122.6511029,45.5301504]}'
"",333832707,'{"type":"Point","coordinates":[-122.6514734,45.5301008]}'
"",1738806619,'{"type":"Point","coordinates":[-122.6562249,45.5315864]}'
"",1739870917,'{"type":"Point","coordinates":[-122.6537588,45.5309271]}'
"",1474540633,'{"type":"Point","coordinates":[-122.6515192,45.5329512]}'
"",1739870891,'{"type":"Point","coordinates":[-122.6537123,45.530792]}'
"",1426559325,'{"type":"Point","coordinates":[-122.6511881,45.5301805]}'
"",40625560,'{"type":"Point","coordinates":[-122.6586243,45.5300075]}'
"",1396603095,'{"type":"Point","coordinates":[-122.6605972,45.5315072]}'
"",300783091,'{"type":"Point","coordinates":[-122.6528941,45.5335154]}'
"",470150316,'{"type":"Point","coordinates":[-122.6543784,45.5294391]}'
"",1829184931,'{"type":"Point","coordinates":[-122.6545799,45.530104]}'
"",1474540576,'{"type":"Point","coordinates":[-122.655804,45.5319723]}'
"",1323025221,'{"type":"Point","coordinates":[-122.6664823,45.5297847]}'
"",1382201390,'{"type":"Point","coordinates":[-122.6566018,45.5288227]}'
"",1739870913,'{"type":"Point","coordinates":[-122.653789,45.5309098]}'
"",1739870886,'{"type":"Point","coordinates":[-122.6536825,45.5307707]}'
"",1426573404,'{"type":"Point","coordinates":[-122.6537664,45.5306322]}'
"",1323024115,'{"type":"Point","coordinates":[-122.6584793,45.5300815]}'
"",1739870915,'{"type":"Point","coordinates":[-122.653777,45.5309186]}'
"",1738806578,'{"type":"Point","coordinates":[-122.6536599,45.5313909]}'
"Northeast Multnomah Street & Northeast 11th Avenue/Quick Stop Eastbound",1747813236,'{"type":"Point","coordinates":[-122.6547675,45.5313936]}'
"",1382100319,'{"type":"Point","coordinates":[-122.6664355,45.5298131]}'
"",1396603096,'{"type":"Point","coordinates":[-122.6607751,45.5315072]}'
"",1829184929,'{"type":"Point","coordinates":[-122.6546363,45.5300848]}'
"",1426573360,'{"type":"Point","coordinates":[-122.6544273,45.529868]}'
"",1757629717,'{"type":"Point","coordinates":[-122.6514686,45.5320009]}'
"",1739870806,'{"type":"Point","coordinates":[-122.6542182,45.529196]}'
"",1382177113,'{"type":"Point","coordinates":[-122.6548348,45.5301356]}'
"",1323025051,'{"type":"Point","coordinates":[-122.6546851,45.5301153]}'
"",279818325,'{"type":"Point","coordinates":[-122.6550516,45.5306159]}'
"",40542425,'{"type":"Point","coordinates":[-122.658623,45.5315005]}'
"",1426573305,'{"type":"Point","coordinates":[-122.6533738,45.5295383]}'
"",470150283,'{"type":"Point","coordinates":[-122.6543745,45.5299185]}'
"",470150337,'{"type":"Point","coordinates":[-122.6529107,45.5296657]}'
"",333839767,'{"type":"Point","coordinates":[-122.6606693,45.5301089]}'
"",1651261090,'{"type":"Point","coordinates":[-122.6553736,45.5306803]}'
"",1323023990,'{"type":"Point","coordinates":[-122.6667911,45.5294005]}'
"",333839764,'{"type":"Point","coordinates":[-122.659681,45.5301062]}'
"",1323024917,'{"type":"Point","coordinates":[-122.6584795,45.5301129]}'
"",1342520161,'{"type":"Point","coordinates":[-122.6523422,45.5296271]}'
"",1323024788,'{"type":"Point","coordinates":[-122.6618267,45.5301063]}'
"",1382177164,'{"type":"Point","coordinates":[-122.6507261,45.530339]}'
"",1739870811,'{"type":"Point","coordinates":[-122.6543659,45.5292967]}'
"",1739870885,'{"type":"Point","coordinates":[-122.6537096,45.5307521]}'
"",40576503,'{"type":"Point","coordinates":[-122.6545666,45.5295287]}'
"",333840601,'{"type":"Point","coordinates":[-122.6606698,45.5300761]}'
"",1739870896,'{"type":"Point","coordinates":[-122.6536659,45.5308238]}'
"",40542428,'{"type":"Point","coordinates":[-122.6565989,45.5314934]}'
"",1382153400,'{"type":"Point","coordinates":[-122.6565723,45.5297242]}'
"",300783079,'{"type":"Point","coordinates":[-122.6559301,45.5320751]}'
"",1739870936,'{"type":"Point","coordinates":[-122.6544718,45.5312435]}'
"",1396604478,'{"type":"Point","coordinates":[-122.6587286,45.5315004]}'
"",1342520147,'{"type":"Point","coordinates":[-122.6535221,45.5293428]}'
"",1739870868,'{"type":"Point","coordinates":[-122.6534205,45.530648]}'
"",1739870852,'{"type":"Point","coordinates":[-122.6563141,45.5299494]}'
"",470178656,'{"type":"Point","coordinates":[-122.657101,45.5295237]}'
"",1426573402,'{"type":"Point","coordinates":[-122.6533791,45.5306403]}'
"",1396603086,'{"type":"Point","coordinates":[-122.6587836,45.5301059]}'
"",1382177126,'{"type":"Point","coordinates":[-122.6547358,45.5301461]}'
"",1382233249,'{"type":"Point","coordinates":[-122.6584788,45.5300029]}'
"",1739871016,'{"type":"Point","coordinates":[-122.6562813,45.5320844]}'
"",1739870809,'{"type":"Point","coordinates":[-122.6543208,45.529253]}'
"",470106549,'{"type":"Point","coordinates":[-122.6506039,45.531135]}'
"",333836782,'{"type":"Point","coordinates":[-122.6546815,45.5300678]}'
"",1739870813,'{"type":"Point","coordinates":[-122.654384,45.52932]}'
"",1396604475,'{"type":"Point","coordinates":[-122.6564799,45.5314923]}'
"",1474540580,'{"type":"Point","coordinates":[-122.6562179,45.5320791]}'
"",40395394,'{"type":"Point","coordinates":[-122.651544,45.5299554]}'
"",1738806574,'{"type":"Point","coordinates":[-122.6527408,45.5313894]}'
"",1323024898,'{"type":"Point","coordinates":[-122.666694,45.5295781]}'
"",1323024425,'{"type":"Point","coordinates":[-122.6519902,45.5301023]}'
"",1382177168,'{"type":"Point","coordinates":[-122.6505569,45.5304831]}'
"",333833184,'{"type":"Point","coordinates":[-122.6515641,45.5300613]}'
"",1829184919,'{"type":"Point","coordinates":[-122.6524654,45.5298934]}'
"",1739871008,'{"type":"Point","coordinates":[-122.6561433,45.5318597]}'
"",333838434,'{"type":"Point","coordinates":[-122.6565979,45.5300633]}'
"",1426573381,'{"type":"Point","coordinates":[-122.653589,45.5300855]}'
"",279818346,'{"type":"Point","coordinates":[-122.6547296,45.5313846]}'
"",40542432,'{"type":"Point","coordinates":[-122.6525436,45.531482]}'
"",1739870905,'{"type":"Point","coordinates":[-122.6533926,45.5308742]}'
"",1396604482,'{"type":"Point","coordinates":[-122.6565881,45.5335488]}'
"",333836784,'{"type":"Point","coordinates":[-122.6545367,45.5301588]}'
"",1323024151,'{"type":"Point","coordinates":[-122.6665933,45.5296923]}'
"Lloyd Center",333833187,'{"type":"Point","coordinates":[-122.6540161,45.5300502]}'
"",1323024436,'{"type":"Point","coordinates":[-122.6667344,45.5295144]}'
"",1382177161,'{"type":"Point","coordinates":[-122.6509447,45.5302037]}'
"",333839333,'{"type":"Point","coordinates":[-122.65863,45.5300756]}'
"",1739870854,'{"type":"Point","coordinates":[-122.6561946,45.5299557]}'
"",471262877,'{"type":"Point","coordinates":[-122.6561304,45.5296932]}'
"",471262897,'{"type":"Point","coordinates":[-122.6557184,45.5288274]}'
"",471262887,'{"type":"Point","coordinates":[-122.6557871,45.5294106]}'
"",1829184908,'{"type":"Point","coordinates":[-122.6536823,45.5293836]}'
"",1426559337,'{"type":"Point","coordinates":[-122.6519188,45.5313658]}'
"",471262896,'{"type":"Point","coordinates":[-122.6559759,45.5287793]}'
"",1323024378,'{"type":"Point","coordinates":[-122.6665659,45.5297211]}'
"",1396250556,'{"type":"Point","coordinates":[-122.6626722,45.5301077]}'
"",1957478601,'{"type":"Point","coordinates":[-122.6595617,45.5300723]}'
"",1829184906,'{"type":"Point","coordinates":[-122.6531866,45.5293012]}'
"",1353096881,'{"type":"Point","coordinates":[-122.651311,45.529975]}'
"",1382177108,'{"type":"Point","coordinates":[-122.6553143,45.530133]}'
"",300783078,'{"type":"Point","coordinates":[-122.6563537,45.5321146]}'
"",1382177072,'{"type":"Point","coordinates":[-122.6519957,45.5296077]}'
"",1396605059,'{"type":"Point","coordinates":[-122.6547039,45.5314882]}'
"",1739870807,'{"type":"Point","coordinates":[-122.6542498,45.5292143]}'
"",470150323,'{"type":"Point","coordinates":[-122.6544288,45.5294692]}'
"",1474540551,'{"type":"Point","coordinates":[-122.6560421,45.5318572]}'
"",1739870810,'{"type":"Point","coordinates":[-122.6543477,45.5292752]}'
"",1829184930,'{"type":"Point","coordinates":[-122.6549256,45.5300936]}'
"",1389071669,'{"type":"Point","coordinates":[-122.6615542,45.5300734]}'
"",664384284,'{"type":"Point","coordinates":[-122.664876,45.5300862]}'
"",1738806582,'{"type":"Point","coordinates":[-122.654197,45.5313936]}'
"",1739870884,'{"type":"Point","coordinates":[-122.6535635,45.5307509]}'
"",1426573337,'{"type":"Point","coordinates":[-122.6529566,45.529653]}'
"",471262876,'{"type":"Point","coordinates":[-122.6561304,45.5293565]}'
"",1738806624,'{"type":"Point","coordinates":[-122.6564626,45.5315894]}'
"",300783090,'{"type":"Point","coordinates":[-122.6528984,45.5329563]}'
"",1426573285,'{"type":"Point","coordinates":[-122.6531597,45.5294645]}'
"",1426573303,'{"type":"Point","coordinates":[-122.6533896,45.5295118]}'
"",1649775753,'{"type":"Point","coordinates":[-122.6539857,45.5324102]}'
"",1323024249,'{"type":"Point","coordinates":[-122.653589,45.5301172]}'
"",1382177092,'{"type":"Point","coordinates":[-122.6544491,45.5299986]}'
"",300783077,'{"type":"Point","coordinates":[-122.6564074,45.5322102]}'
"",1396605049,'{"type":"Point","coordinates":[-122.6525437,45.5313507]}'
"",1323025118,'{"type":"Point","coordinates":[-122.6639951,45.5301257]}'
"",333835332,'{"type":"Point","coordinates":[-122.6541556,45.5311928]}'
"",300783088,'{"type":"Point","coordinates":[-122.6514777,45.5326186]}'
"",300783096,'{"type":"Point","coordinates":[-122.6558075,45.5327706]}'
"",333831936,'{"type":"Point","coordinates":[-122.6510251,45.5300524]}'
"",40542422,'{"type":"Point","coordinates":[-122.6596445,45.5315035]}'
"",471262909,'{"type":"Point","coordinates":[-122.6547314,45.5299037]}'
"",1757629718,'{"type":"Point","coordinates":[-122.6516035,45.5320009]}'
"",470106553,'{"type":"Point","coordinates":[-122.6524103,45.530231]}'
"",1739870865,'{"type":"Point","coordinates":[-122.6533571,45.5306263]}'
"",333837939,'{"type":"Point","coordinates":[-122.6545815,45.5300505]}'
"",1426573362,'{"type":"Point","coordinates":[-122.653589,45.5299979]}'
"",1829184922,'{"type":"Point","coordinates":[-122.6516656,45.5299375]}'
"",1739870910,'{"type":"Point","coordinates":[-122.6533613,45.530893]}'
"",1738806534,'{"type":"Point","coordinates":[-122.652049,45.5313377]}'
"",474064682,'{"type":"Point","coordinates":[-122.6533027,45.5292942]}'
"",471262906,'{"type":"Point","coordinates":[-122.6552893,45.5293745]}'
"",1738806617,'{"type":"Point","coordinates":[-122.6524045,45.5315841]}'
"",1474540584,'{"type":"Point","coordinates":[-122.6564029,45.5321736]}'
"",1342520159,'{"type":"Point","coordinates":[-122.6528375,45.5293947]}'
"",470150342,'{"type":"Point","coordinates":[-122.6536446,45.5296103]}'
"",1382153478,'{"type":"Point","coordinates":[-122.6576195,45.5301515]}'
"",470106544,'{"type":"Point","coordinates":[-122.6506712,45.5313624]}'
"",1396604477,'{"type":"Point","coordinates":[-122.6585062,45.5315006]}'
"",333839079,'{"type":"Point","coordinates":[-122.6576209,45.530112]}'
"",1739870849,'{"type":"Point","coordinates":[-122.6565869,45.529944]}'
"",1323024315,'{"type":"Point","coordinates":[-122.660556,45.5301084]}'
"",1739870919,'{"type":"Point","coordinates":[-122.653732,45.5309369]}'
"",1474540560,'{"type":"Point","coordinates":[-122.6514692,45.5319599]}'
"",333848890,'{"type":"Point","coordinates":[-122.6661501,45.530011]}'
"",338496773,'{"type":"Point","coordinates":[-122.664294,45.5301342]}'
"",1738806535,'{"type":"Point","coordinates":[-122.6527415,45.5313444]}'
"",1342520172,'{"type":"Point","coordinates":[-122.6522216,45.5295563]}'
"",1738806529,'{"type":"Point","coordinates":[-122.6544729,45.5312903]}'
"",1474540601,'{"type":"Point","coordinates":[-122.6508647,45.5322387]}'
"Lloyd Plaza",333837288,'{"type":"Point","coordinates":[-122.6545084,45.5310712]}'
"",1323024848,'{"type":"Point","coordinates":[-122.663827,45.5300807]}'
"",1739870847,'{"type":"Point","coordinates":[-122.6564417,45.5299445]}'
"",1396605062,'{"type":"Point","coordinates":[-122.6597086,45.5315035]}'
"",1396325492,'{"type":"Point","coordinates":[-122.6496558,45.5314697]}'
"",333832711,'{"type":"Point","coordinates":[-122.654449,45.5301079]}'
"",1426559321,'{"type":"Point","coordinates":[-122.6522932,45.5301407]}'
"",279818322,'{"type":"Point","coordinates":[-122.6547967,45.5301508]}'
"",470150338,'{"type":"Point","coordinates":[-122.6530739,45.5296406]}'
"",470178653,'{"type":"Point","coordinates":[-122.657101,45.5293613]}'
"",279818337,'{"type":"Point","coordinates":[-122.6558756,45.5307203]}'
"",471262905,'{"type":"Point","coordinates":[-122.6547399,45.5293806]}'
"",1738806579,'{"type":"Point","coordinates":[-122.6527869,45.5313914]}'
"",1382177116,'{"type":"Point","coordinates":[-122.6564422,45.5301361]}'
"",1396603085,'{"type":"Point","coordinates":[-122.6606044,45.530076]}'
"",1426573382,'{"type":"Point","coordinates":[-122.653589,45.5301512]}'
"",1426573307,'{"type":"Point","coordinates":[-122.6533424,45.5295566]}'
"",1426573386,'{"type":"Point","coordinates":[-122.653589,45.5302011]}'
"",470178648,'{"type":"Point","coordinates":[-122.6567147,45.5299025]}'
"",1323025241,'{"type":"Point","coordinates":[-122.6523222,45.5301043]}'
"Northeast 11th & Multnomah",324193675,'{"type":"Point","coordinates":[-122.6539998,45.5314339]}'
"",1323023969,'{"type":"Point","coordinates":[-122.6545231,45.5301768]}'
"",1738806623,'{"type":"Point","coordinates":[-122.6567717,45.53159]}'
"",324193694,'{"type":"Point","coordinates":[-122.6558949,45.5314504]}'
"",1738806531,'{"type":"Point","coordinates":[-122.6544891,45.5313111]}'
"",471262895,'{"type":"Point","coordinates":[-122.656242,45.5287432]}'
"",1829184913,'{"type":"Point","coordinates":[-122.6524785,45.5296373]}'
"",1323025331,'{"type":"Point","coordinates":[-122.6571152,45.5300995]}'
"",1382177111,'{"type":"Point","coordinates":[-122.6521937,45.530132]}'
"",470100620,'{"type":"Point","coordinates":[-122.6563276,45.5320987]}'
"",1738806581,'{"type":"Point","coordinates":[-122.6544249,45.5313934]}'
"",1396250553,'{"type":"Point","coordinates":[-122.6526927,45.5301129]}'
"",1396250537,'{"type":"Point","coordinates":[-122.663619,45.5300792]}'
"",356038429,'{"type":"Point","coordinates":[-122.6559034,45.5316004]}'
"7th Avenue",333839080,'{"type":"Point","coordinates":[-122.6580636,45.5301149]}'
"",1426573308,'{"type":"Point","coordinates":[-122.6532942,45.529564]}'
"",1382177147,'{"type":"Point","coordinates":[-122.6533061,45.5301509]}'
"",470178651,'{"type":"Point","coordinates":[-122.6567147,45.5293613]}'
"",1738806626,'{"type":"Point","coordinates":[-122.6567494,45.5315923]}'
"",1829184936,'{"type":"Point","coordinates":[-122.650874,45.530231]}'
"",471262889,'{"type":"Point","coordinates":[-122.655624,45.5293986]}'
"",40395399,'{"type":"Point","coordinates":[-122.6514101,45.5299706]}'
"",1396250632,'{"type":"Point","coordinates":[-122.6505568,45.5304995]}'
"",1396250551,'{"type":"Point","coordinates":[-122.6597517,45.5301064]}'
"",40461284,'{"type":"Point","coordinates":[-122.657625,45.5299949]}'
"",279818328,'{"type":"Point","coordinates":[-122.6551281,45.5309786]}'
"Convention Center",333847855,'{"type":"Point","coordinates":[-122.6622659,45.5300754]}'
"",1382177163,'{"type":"Point","coordinates":[-122.6507726,45.5302927]}'
"",1739870815,'{"type":"Point","coordinates":[-122.654403,45.5293499]}'
"",471262910,'{"type":"Point","coordinates":[-122.6564136,45.5299097]}'
"",1426573350,'{"type":"Point","coordinates":[-122.6543747,45.5298679]}'
"",356034256,'{"type":"Point","coordinates":[-122.6540756,45.5335193]}'
"",470106551,'{"type":"Point","coordinates":[-122.6508832,45.5302477]}'
"",319356521,'{"type":"Point","coordinates":[-122.6526935,45.5301513]}'
"",1739871065,'{"type":"Point","coordinates":[-122.6558085,45.532802]}'
"",471262893,'{"type":"Point","coordinates":[-122.6564308,45.5292122]}'
"",333838527,'{"type":"Point","coordinates":[-122.6566009,45.5300958]}'
"",1426573380,'{"type":"Point","coordinates":[-122.653589,45.530049]}'
"",1396603088,'{"type":"Point","coordinates":[-122.660604,45.5301086]}'
"",40515578,'{"type":"Point","coordinates":[-122.6616748,45.531511]}'
"",279818953,'{"type":"Point","coordinates":[-122.6557297,45.5306138]}'
"",1739870850,'{"type":"Point","coordinates":[-122.6547872,45.5299494]}'
"",1323024257,'{"type":"Point","coordinates":[-122.6558009,45.5300714]}'
"",1738806628,'{"type":"Point","coordinates":[-122.6569609,45.5315932]}'
"",1474540583,'{"type":"Point","coordinates":[-122.6508605,45.5320458]}'
"",1738806532,'{"type":"Point","coordinates":[-122.6544909,45.5313153]}'
"",1396605048,'{"type":"Point","coordinates":[-122.6524089,45.531351]}'
"",1829184909,'{"type":"Point","coordinates":[-122.652506,45.5294873]}'
"Northeast Multnomah Street & Northeast 9th Avenue Eastbound",1747813279,'{"type":"Point","coordinates":[-122.656769,45.531372]}'
"",1382177075,'{"type":"Point","coordinates":[-122.6518109,45.5296436]}'
"",1342520175,'{"type":"Point","coordinates":[-122.6520302,45.5298423]}'
"",470178659,'{"type":"Point","coordinates":[-122.6570323,45.5295237]}'
"",1739871004,'{"type":"Point","coordinates":[-122.6562408,45.5317319]}'
"",1323024680,'{"type":"Point","coordinates":[-122.6513176,45.5300599]}'
"",1739870866,'{"type":"Point","coordinates":[-122.6533978,45.5306314]}'
"",1396604474,'{"type":"Point","coordinates":[-122.656601,45.5313985]}'
"",40408767,'{"type":"Point","coordinates":[-122.6524458,45.5298729]}'
"",1382177151,'{"type":"Point","coordinates":[-122.6543476,45.5301481]}'
"",471262894,'{"type":"Point","coordinates":[-122.6564308,45.5287312]}'
"",1738806621,'{"type":"Point","coordinates":[-122.6564411,45.5315885]}'
"",1739870964,'{"type":"Point","coordinates":[-122.6605325,45.5315072]}'
"",470150336,'{"type":"Point","coordinates":[-122.6529107,45.5296809]}'
"",471262886,'{"type":"Point","coordinates":[-122.65583,45.5294407]}'
"",333840602,'{"type":"Point","coordinates":[-122.6616831,45.5300735]}'
"Convention Center",333841406,'{"type":"Point","coordinates":[-122.6622645,45.530107]}'
"",1396605337,'{"type":"Point","coordinates":[-122.654585,45.5299381]}'
"",40408762,'{"type":"Point","coordinates":[-122.6523007,45.5298317]}'
"",1739870851,'{"type":"Point","coordinates":[-122.6548173,45.5299494]}'
"",1323025173,'{"type":"Point","coordinates":[-122.6605557,45.5300759]}'
"",1829184911,'{"type":"Point","coordinates":[-122.653741,45.5295789]}'
"",1382153457,'{"type":"Point","coordinates":[-122.662736,45.5300771]}'
"",1396605057,'{"type":"Point","coordinates":[-122.6526768,45.5314825]}'
"",470178664,'{"type":"Point","coordinates":[-122.657101,45.5297401]}'
"",1426573340,'{"type":"Point","coordinates":[-122.6529567,45.5296657]}'
"",470150315,'{"type":"Point","coordinates":[-122.6542758,45.5294389]}'
"",1474540606,'{"type":"Point","coordinates":[-122.6564178,45.5323167]}'
"",470150309,'{"type":"Point","coordinates":[-122.6538532,45.5294369]}'
"",1382177087,'{"type":"Point","coordinates":[-122.6565795,45.5298289]}'
"",1382153391,'{"type":"Point","coordinates":[-122.6545331,45.529423]}'
"",1426573342,'{"type":"Point","coordinates":[-122.6527937,45.5296907]}'
"",1323024025,'{"type":"Point","coordinates":[-122.6659554,45.5300773]}'
"",1396605336,'{"type":"Point","coordinates":[-122.6547353,45.5299388]}'
"",333836996,'{"type":"Point","coordinates":[-122.6547357,45.5300994]}'
"",333832708,'{"type":"Point","coordinates":[-122.6525544,45.5301109]}'
"",40408764,'{"type":"Point","coordinates":[-122.6523959,45.5298482]}'
"",470106550,'{"type":"Point","coordinates":[-122.6506129,45.5304765]}'
"",470106548,'{"type":"Point","coordinates":[-122.6506727,45.531135]}'
"",1396604492,'{"type":"Point","coordinates":[-122.6565824,45.5349664]}'
"",1396605055,'{"type":"Point","coordinates":[-122.6503937,45.5314705]}'
"",1739870927,'{"type":"Point","coordinates":[-122.653573,45.5309575]}'
"",356038441,'{"type":"Point","coordinates":[-122.653994,45.5316705]}'
"",1738806620,'{"type":"Point","coordinates":[-122.6564196,45.531587]}'
"",279818350,'{"type":"Point","coordinates":[-122.6564546,45.5307214]}'
"",1396605060,'{"type":"Point","coordinates":[-122.6577211,45.531497]}'
"",1738806584,'{"type":"Point","coordinates":[-122.6567477,45.5314008]}'
"",1382153414,'{"type":"Point","coordinates":[-122.657098,45.5299972]}'
"",1323025065,'{"type":"Point","coordinates":[-122.6522837,45.5300568]}'
"",1426559332,'{"type":"Point","coordinates":[-122.6564015,45.530513]}'
"",40576501,'{"type":"Point","coordinates":[-122.6544697,45.5292861]}'
"",1323024938,'{"type":"Point","coordinates":[-122.6660655,45.5300484]}'
"",1738806580,'{"type":"Point","coordinates":[-122.6539445,45.531392]}'
"",40408773,'{"type":"Point","coordinates":[-122.6525601,45.5299956]}'
"",1829184935,'{"type":"Point","coordinates":[-122.6510354,45.5301687]}'
"",1426573304,'{"type":"Point","coordinates":[-122.6532114,45.5295361]}'
"",333841672,'{"type":"Point","coordinates":[-122.6639626,45.5300828]}'
"",1739871002,'{"type":"Point","coordinates":[-122.6564682,45.531627]}'
"",1426559326,'{"type":"Point","coordinates":[-122.6547407,45.5301903]}'
"",1396606634,'{"type":"Point","coordinates":[-122.6543882,45.5291466]}'
"",1323024251,'{"type":"Point","coordinates":[-122.6567958,45.530097]}'
"",40624963,'{"type":"Point","coordinates":[-122.6565884,45.5336342]}'
"",1474540613,'{"type":"Point","coordinates":[-122.6564192,45.5323803]}'
"",40452827,'{"type":"Point","coordinates":[-122.6565833,45.5350535]}'
"",300783083,'{"type":"Point","coordinates":[-122.6539886,45.5319548]}'
"",1426559336,'{"type":"Point","coordinates":[-122.6527719,45.5313725]}'
"",279818323,'{"type":"Point","coordinates":[-122.654745,45.5304732]}'
"",333836787,'{"type":"Point","coordinates":[-122.6544998,45.530305]}'
"",1739870925,'{"type":"Point","coordinates":[-122.6536148,45.5309567]}'
"",471262880,'{"type":"Point","coordinates":[-122.6557527,45.5296451]}'
"",1474540552,'{"type":"Point","coordinates":[-122.6539896,45.5319001]}'
"",333848895,'{"type":"Point","coordinates":[-122.6668348,45.5292961]}'
"",471262890,'{"type":"Point","coordinates":[-122.655624,45.5292904]}'
"",470150334,'{"type":"Point","coordinates":[-122.6527851,45.5297598]}'
"",1739870926,'{"type":"Point","coordinates":[-122.6535361,45.5309575]}'
"",471262899,'{"type":"Point","coordinates":[-122.6552463,45.5289476]}'
"",333839219,'{"type":"Point","coordinates":[-122.6586328,45.5301094]}'
"",470150311,'{"type":"Point","coordinates":[-122.6538534,45.5293883]}'
"",1396605338,'{"type":"Point","coordinates":[-122.6547354,45.5299991]}'
"",1426573406,'{"type":"Point","coordinates":[-122.6544786,45.5308215]}'
"",1396605054,'{"type":"Point","coordinates":[-122.6546019,45.5313951]}'
"",1396604486,'{"type":"Point","coordinates":[-122.6565852,45.5342668]}'
"",1323024632,'{"type":"Point","coordinates":[-122.6545291,45.530229]}'
"",1382177123,'{"type":"Point","coordinates":[-122.656758,45.5301376]}'
"",470150293,'{"type":"Point","coordinates":[-122.653788,45.5299174]}'
"",1382177093,'{"type":"Point","coordinates":[-122.654449,45.5300827]}'
"",356034255,'{"type":"Point","coordinates":[-122.6540738,45.5328076]}'
"",471262902,'{"type":"Point","coordinates":[-122.6548944,45.529098]}'
"",40395401,'{"type":"Point","coordinates":[-122.6511063,45.5299763]}'
"",300783085,'{"type":"Point","coordinates":[-122.651604,45.532042]}'
"",470150329,'{"type":"Point","coordinates":[-122.6536449,45.5299368]}'
"",1426573306,'{"type":"Point","coordinates":[-122.6532491,45.5295552]}'
"",319356550,'{"type":"Point","coordinates":[-122.654449,45.5301459]}'
"",40624951,'{"type":"Point","coordinates":[-122.6565919,45.5299978]}'
"",470150339,'{"type":"Point","coordinates":[-122.6530739,45.5296268]}'
"",1382153501,'{"type":"Point","coordinates":[-122.6545768,45.5302025]}'
"",1426559322,'{"type":"Point","coordinates":[-122.6526881,45.5301657]}'
"",1738806558,'{"type":"Point","coordinates":[-122.6526934,45.5313717]}'
"",1474540561,'{"type":"Point","coordinates":[-122.6557613,45.5319374]}'
"",1738806586,'{"type":"Point","coordinates":[-122.656765,45.5314013]}'
"",1739870887,'{"type":"Point","coordinates":[-122.653594,45.5307724]}'
"",1738806587,'{"type":"Point","coordinates":[-122.6569603,45.5314013]}'
"",1739870990,'{"type":"Point","coordinates":[-122.6564837,45.5316046]}'
"",471262883,'{"type":"Point","coordinates":[-122.6558729,45.5295489]}'
"",333837833,'{"type":"Point","coordinates":[-122.6559929,45.5300934]}'
"",300783089,'{"type":"Point","coordinates":[-122.6508929,45.5329523]}'
"",1426573407,'{"type":"Point","coordinates":[-122.6541592,45.5308227]}'
"",1396605058,'{"type":"Point","coordinates":[-122.6544943,45.5314906]}'
"",256174756,'{"type":"Point","coordinates":[-122.6536495,45.5292508]}'
"",1739871077,'{"type":"Point","coordinates":[-122.65646,45.5328859]}'
"",333841408,'{"type":"Point","coordinates":[-122.6637188,45.5301141]}'
"",1382177127,'{"type":"Point","coordinates":[-122.652412,45.5301413]}'
"",319356487,'{"type":"Point","coordinates":[-122.6544912,45.5313938]}'
"",356038437,'{"type":"Point","coordinates":[-122.653074,45.5320443]}'
"",1738806616,'{"type":"Point","coordinates":[-122.6551395,45.5315827]}'
"",1738806634,'{"type":"Point","coordinates":[-122.65673,45.5315963]}'
"",1739870864,'{"type":"Point","coordinates":[-122.653373,45.530616]}'
"",1739870924,'{"type":"Point","coordinates":[-122.6534992,45.5309532]}'
"",1389071673,'{"type":"Point","coordinates":[-122.6615531,45.5315104]}'
"",300783076,'{"type":"Point","coordinates":[-122.6564046,45.5323165]}'
"",1323024255,'{"type":"Point","coordinates":[-122.661827,45.5300737]}'
"",279818327,'{"type":"Point","coordinates":[-122.6547426,45.5309768]}'
"",1651261085,'{"type":"Point","coordinates":[-122.6550514,45.5301812]}'
"",256174754,'{"type":"Point","coordinates":[-122.6525572,45.5300544]}'
"",356038434,'{"type":"Point","coordinates":[-122.6514713,45.5315931]}'
"",1323024161,'{"type":"Point","coordinates":[-122.6546451,45.5301309]}'
"",1739870916,'{"type":"Point","coordinates":[-122.6534099,45.5309211]}'
"Northeast Holladay Street",162042018,'{"type":"LineString","coordinates":[[-122.6547353,45.5299388],[-122.654585,45.5299381],[-122.6544492,45.5299374]]}'
"Lloyd Center Eastbound MAX Platform",124106585,'{"type":"LineString","coordinates":[[-122.6526929,45.5300845],[-122.653589,45.5300855],[-122.654449,45.5300827]]}'
"Northeast Multnomah Street",160390336,'{"type":"LineString","coordinates":[[-122.6546027,45.5314894],[-122.6544943,45.5314906],[-122.6526768,45.5314825],[-122.6525436,45.531482]]}'
"Northeast 9th Avenue",162041929,'{"type":"LineString","coordinates":[[-122.6564491,45.5334471],[-122.65646,45.5328859],[-122.6564646,45.5316345],[-122.6564682,45.531627],[-122.656477,45.5316204],[-122.6564832,45.5316154],[-122.6564846,45.5316105],[-122.6564837,45.5316046],[-122.6564812,45.5315973]]}'
"",134067140,'{"type":"LineString","coordinates":[[-122.6564812,45.5315973],[-122.6562408,45.5317319],[-122.6562397,45.5317922],[-122.6561433,45.5318597],[-122.6560421,45.5318572],[-122.65601,45.5318327],[-122.655804,45.5319723]]}'
"Northeast Multnomah Street",134067133,'{"type":"LineString","coordinates":[[-122.65673,45.5315963],[-122.6565966,45.5315968],[-122.6564812,45.5315973]]}'
"Northeast Multnomah Street",160390341,'{"type":"LineString","coordinates":[[-122.6525436,45.531482],[-122.6524064,45.5314816],[-122.6506414,45.5314719],[-122.6505132,45.5314712],[-122.6503937,45.5314705],[-122.6496558,45.5314697],[-122.6494832,45.5314705]]}'
"Northeast 11th Avenue",124103892,'{"type":"LineString","coordinates":[[-122.6545831,45.5299986],[-122.6545815,45.5300505],[-122.6545799,45.530104],[-122.6545794,45.5301191],[-122.6545786,45.530146],[-122.6545778,45.5301705],[-122.6545768,45.5302025],[-122.6545826,45.5305171],[-122.6545911,45.53059],[-122.6545966,45.5306449],[-122.6545972,45.5308167],[-122.6546019,45.5313951],[-122.6546027,45.5314894]]}'
"",134067120,'{"type":"LineString","coordinates":[[-122.6546036,45.5315956],[-122.6546035,45.5315815],[-122.6546027,45.5314894]]}'
"Northeast Multnomah Street",161929387,'{"type":"LineString","coordinates":[[-122.654197,45.5313936],[-122.6539445,45.531392]]}'
"",129266496,'{"type":"LineString","coordinates":[[-122.6531597,45.5294645],[-122.6532114,45.5295361],[-122.6532491,45.5295552],[-122.6532942,45.529564],[-122.6533424,45.5295566],[-122.6533738,45.5295383],[-122.6533896,45.5295118],[-122.6533906,45.5294847],[-122.6533493,45.5294009]]}'
"Northeast Multnomah Street",161929386,'{"type":"LineString","coordinates":[[-122.6524045,45.5315841],[-122.6521764,45.5315812]]}'
"Northeast 11th Avenue",162041868,'{"type":"LineString","coordinates":[[-122.6544718,45.5312435],[-122.6544712,45.5312833],[-122.6544729,45.5312903],[-122.6544891,45.5313111],[-122.6544909,45.5313153],[-122.6544912,45.5313938]]}'
"Northeast 11th Avenue",162041867,'{"type":"LineString","coordinates":[[-122.6544492,45.5299374],[-122.6544491,45.5299986],[-122.6544491,45.5300514],[-122.654449,45.5300827],[-122.654449,45.5301079],[-122.654449,45.5301459]]}'
"",129266491,'{"type":"LineString","coordinates":[[-122.6537664,45.5306322],[-122.6533978,45.5306314],[-122.6533791,45.5306403]]}'
"Northeast Multnomah Street",161929407,'{"type":"LineString","coordinates":[[-122.6522643,45.5313556],[-122.6523811,45.5313559],[-122.6523931,45.5313554],[-122.6524089,45.531351]]}'
"Holladay Park",29038630,'{"type":"Polygon","coordinates":[[[-122.6544587,45.5313743],[-122.6527719,45.5313725],[-122.6526854,45.5313086],[-122.6526881,45.5301657],[-122.6544561,45.5301738],[-122.6544587,45.5313743]]]}'
"Northeast Multnomah Street",161929413,'{"type":"LineString","coordinates":[[-122.6569609,45.5315932],[-122.6567717,45.53159],[-122.6567494,45.5315923],[-122.65673,45.5315963]]}'
"",162042217,'{"type":"LineString","coordinates":[[-122.6537123,45.530792],[-122.6536659,45.5308238],[-122.653594,45.5307724],[-122.6536674,45.530722],[-122.6537096,45.5307521],[-122.6536825,45.5307707],[-122.6537123,45.530792]]}'
"Northeast Holladay Street",162042017,'{"type":"LineString","coordinates":[[-122.6565869,45.529944],[-122.6564417,45.5299445]]}'
"Northeast Holladay Street",124106579,'{"type":"LineString","coordinates":[[-122.6526935,45.5301513],[-122.6525525,45.5301489],[-122.652412,45.5301413]]}'
"",30288424,'{"type":"LineString","coordinates":[[-122.6541459,45.5303644],[-122.6529684,45.5303572],[-122.6529587,45.5312046],[-122.6541556,45.5311928],[-122.6541592,45.5308227],[-122.6541459,45.5303644]]}'
"Northeast Holladay Street",156121086,'{"type":"LineString","coordinates":[[-122.653589,45.5301512],[-122.6533061,45.5301509],[-122.6526935,45.5301513]]}'
"Doubletree Hotel",152298031,'{"type":"Polygon","coordinates":[[[-122.6553736,45.5306803],[-122.6550514,45.5306803],[-122.6550516,45.5306159],[-122.6550538,45.5305078],[-122.6550514,45.5301812],[-122.6553736,45.5301812],[-122.6553736,45.5306803]]]}'
"Northeast Multnomah Street",161929393,'{"type":"LineString","coordinates":[[-122.6567279,45.5313986],[-122.656601,45.5313985]]}'
"Northeast Holladay Street",125785936,'{"type":"LineString","coordinates":[[-122.6564422,45.5301361],[-122.6559941,45.530134],[-122.6553143,45.530133],[-122.6548348,45.5301356],[-122.6547358,45.5301461]]}'
"",124106586,'{"type":"LineString","coordinates":[[-122.654449,45.5301459],[-122.6541459,45.5303644],[-122.6537664,45.5306322],[-122.6536781,45.5306913],[-122.6535678,45.5307671],[-122.653376,45.5309045],[-122.6529587,45.5312046],[-122.6527415,45.5313444],[-122.6526803,45.5313607]]}'
"Northeast Holladay Street",125785914,'{"type":"LineString","coordinates":[[-122.656758,45.5301376],[-122.6566047,45.5301369],[-122.6564422,45.5301361]]}'
"Northeast Holladay Street",29038518,'{"type":"LineString","coordinates":[[-122.6576195,45.5301515],[-122.65699,45.5301397],[-122.6568511,45.5301361],[-122.656758,45.5301376]]}'
"Northeast 11th Avenue",5525900,'{"type":"LineString","coordinates":[[-122.654334,45.52906],[-122.6543882,45.5291466],[-122.6544697,45.5292861],[-122.6545331,45.529423],[-122.6545666,45.5295287],[-122.6545791,45.5296097],[-122.6545828,45.5296877],[-122.654585,45.5299381],[-122.6545831,45.5299986]]}'
"",129266493,'{"type":"LineString","coordinates":[[-122.6529684,45.5303572],[-122.6534004,45.530202],[-122.653589,45.5302011],[-122.653589,45.5301512]]}'
"Northeast Multnomah Street",161929419,'{"type":"LineString","coordinates":[[-122.6539445,45.531392],[-122.6536599,45.5313909],[-122.6527869,45.5313914],[-122.6527408,45.5313894],[-122.6527108,45.5313828],[-122.6526934,45.5313717],[-122.6526803,45.5313607]]}'
"Northeast Multnomah Street",161929415,'{"type":"LineString","coordinates":[[-122.6564812,45.5315973],[-122.6564738,45.5315928],[-122.6564626,45.5315894],[-122.6564411,45.5315885],[-122.6564196,45.531587],[-122.6562249,45.5315864]]}'
"Northeast 11th Avenue",125836158,'{"type":"LineString","coordinates":[[-122.654449,45.5301459],[-122.6544773,45.5301809],[-122.6544786,45.5308215],[-122.6544718,45.5312435]]}'
"Vintage Trolley",30288449,'{"type":"LineString","coordinates":[[-122.6544998,45.530305],[-122.6545139,45.5302617],[-122.6545291,45.530229],[-122.6545502,45.5301988],[-122.6545778,45.5301705],[-122.6546149,45.530146],[-122.6546451,45.5301309],[-122.6546851,45.5301153],[-122.6547357,45.5300994]]}'
"",134067117,'{"type":"LineString","coordinates":[[-122.6525434,45.5315846],[-122.6525436,45.531482]]}'
"Northeast 11th Avenue",162041864,'{"type":"LineString","coordinates":[[-122.6544522,45.5297733],[-122.654452,45.5296597],[-122.6544527,45.5295485],[-122.6544474,45.5294719],[-122.6544371,45.5294271],[-122.6544213,45.5293878],[-122.654403,45.5293499],[-122.654384,45.52932],[-122.6543659,45.5292967],[-122.6543477,45.5292752],[-122.6543208,45.529253],[-122.6542845,45.5292331],[-122.6542498,45.5292143],[-122.6542182,45.529196]]}'
"",125785901,'{"type":"LineString","coordinates":[[-122.652412,45.5301413],[-122.6522771,45.5301303],[-122.6521937,45.530132],[-122.6512537,45.5301271],[-122.651186,45.5301321],[-122.6511029,45.5301504],[-122.6510354,45.5301687],[-122.6509447,45.5302037],[-122.650874,45.530231],[-122.6507726,45.5302927],[-122.6507261,45.530339],[-122.6506511,45.5303502],[-122.6505931,45.5303796],[-122.6505664,45.5304254],[-122.6505569,45.5304831],[-122.6505568,45.5304995]]}'
"Northeast 9th Avenue",161929453,'{"type":"LineString","coordinates":[[-122.6564812,45.5315973],[-122.6564799,45.5314923]]}'
"Integra",39241354,'{"type":"Polygon","coordinates":[[[-122.6536449,45.5299368],[-122.6527717,45.5299373],[-122.6527716,45.5298333],[-122.6527851,45.5298333],[-122.6527851,45.5297598],[-122.6527937,45.5297598],[-122.6527937,45.5296907],[-122.6528378,45.5296907],[-122.6528378,45.5296809],[-122.6529107,45.5296809],[-122.6529107,45.5296657],[-122.6529567,45.5296657],[-122.6529566,45.529653],[-122.653028,45.529653],[-122.653028,45.5296406],[-122.6530739,45.5296406],[-122.6530739,45.5296268],[-122.6531502,45.5296267],[-122.6531502,45.5296105],[-122.6536446,45.5296103],[-122.6536449,45.5299368]]]}'
"",162042191,'{"type":"LineString","coordinates":[[-122.6537943,45.5307753],[-122.6536901,45.5308428],[-122.653789,45.5309098],[-122.653777,45.5309186],[-122.6537588,45.5309271],[-122.653732,45.5309369],[-122.6536951,45.5309463],[-122.6536618,45.5309524],[-122.6536148,45.5309567],[-122.653573,45.5309575],[-122.6535361,45.5309575],[-122.6534992,45.5309532],[-122.6534663,45.5309446],[-122.6534289,45.5309301],[-122.6534099,45.5309211],[-122.653376,45.5309045],[-122.6533613,45.530893],[-122.6533926,45.5308742],[-122.6533462,45.5306355],[-122.6533571,45.5306263],[-122.653373,45.530616],[-122.6533978,45.5306314],[-122.6534205,45.530648],[-122.6535635,45.5307509],[-122.6536618,45.5306797],[-122.6536781,45.5306913],[-122.6537943,45.5307753]]}'
"Northeast Multnomah Street",161929409,'{"type":"LineString","coordinates":[[-122.6569603,45.5314013],[-122.656765,45.5314013],[-122.6567477,45.5314008],[-122.6567279,45.5313986]]}'
"Vintage Trolley",30288444,'{"type":"LineString","coordinates":[[-122.6547356,45.5300503],[-122.6546815,45.5300678],[-122.6546363,45.5300848],[-122.6546035,45.530103],[-122.6545794,45.5301191],[-122.6545616,45.5301341],[-122.6545491,45.530146],[-122.6545367,45.5301588],[-122.6545231,45.5301768],[-122.6545049,45.5302129],[-122.6544997,45.5302503],[-122.6544998,45.530305],[-122.6544996,45.5305007],[-122.654504,45.5305762],[-122.6545105,45.5306858],[-122.6545084,45.5310712],[-122.6545074,45.5312548]]}'
"",129266495,'{"type":"LineString","coordinates":[[-122.6544912,45.5313938],[-122.6541556,45.5311928],[-122.653777,45.5309186],[-122.6535678,45.5307671],[-122.6533791,45.5306403],[-122.6533571,45.5306263],[-122.6529684,45.5303572],[-122.6526935,45.5301513]]}'
"",39241352,'{"type":"Polygon","coordinates":[[[-122.6543745,45.5299185],[-122.653788,45.5299174],[-122.6537893,45.5295796],[-122.6537899,45.5294367],[-122.6538532,45.5294369],[-122.6538534,45.5293883],[-122.654276,45.5293891],[-122.6542758,45.5294389],[-122.6543784,45.5294391],[-122.6543783,45.5294691],[-122.6544288,45.5294692],[-122.6544273,45.529868],[-122.6543747,45.5298679],[-122.6543745,45.5299185]]]}'
"Northeast Lloyd Boulevard",39558777,'{"type":"LineString","coordinates":[[-122.6516826,45.5296844],[-122.651801,45.5296899],[-122.6520604,45.5296519],[-122.6523422,45.5296271],[-122.6524785,45.5296373],[-122.6525696,45.5296561]]}'
"",39242067,'{"type":"Polygon","coordinates":[[[-122.657101,45.5299025],[-122.6567147,45.5299025],[-122.6567147,45.5293613],[-122.657101,45.5293613],[-122.657101,45.5295237],[-122.6570323,45.5295237],[-122.6570323,45.5297401],[-122.657101,45.5297401],[-122.657101,45.5299025]]]}'
"Northeast Holladay Street",125785925,'{"type":"LineString","coordinates":[[-122.654449,45.5301459],[-122.6543476,45.5301481],[-122.653589,45.5301512]]}'
"",129266494,'{"type":"LineString","coordinates":[[-122.653589,45.5299979],[-122.653589,45.530049],[-122.653589,45.5300855],[-122.653589,45.5301172],[-122.653589,45.5301512]]}'
"Bonneville Power Administration",39336071,'{"type":"Polygon","coordinates":[[[-122.6564222,45.5293565],[-122.6561304,45.5293565],[-122.6561304,45.5296932],[-122.6556497,45.5296872],[-122.6556497,45.5296451],[-122.6557527,45.5296451],[-122.6558128,45.5296211],[-122.6558557,45.529585],[-122.6558729,45.5295489],[-122.6558729,45.5295068],[-122.6558643,45.5294707],[-122.65583,45.5294407],[-122.6557871,45.5294106],[-122.6557264,45.5293932],[-122.655624,45.5293986],[-122.655624,45.5292904],[-122.6556755,45.5292904],[-122.6556755,45.5292182],[-122.6564308,45.5292122],[-122.6564308,45.5287312],[-122.656242,45.5287432],[-122.6559759,45.5287793],[-122.6557184,45.5288274],[-122.6554523,45.5288875],[-122.6552463,45.5289476],[-122.655109,45.5289897],[-122.6549974,45.5290438],[-122.6548944,45.529098],[-122.6548172,45.5291581],[-122.6547743,45.5292182],[-122.6547399,45.5293806],[-122.6552893,45.5293745],[-122.6552893,45.5296872],[-122.6547399,45.5296872],[-122.6547314,45.5299037],[-122.6564136,45.5299097],[-122.6564222,45.5293565]]]}'
"Doubletree Hotel",25667453,'{"type":"Polygon","coordinates":[[[-122.6550516,45.5306159],[-122.6549623,45.5306184],[-122.6549599,45.5307597],[-122.6547418,45.5307565],[-122.6547426,45.5309768],[-122.6551281,45.5309786],[-122.6551675,45.5310076],[-122.655164,45.5311874],[-122.6547324,45.5312331],[-122.6547296,45.5313846],[-122.6564502,45.5313899],[-122.6564546,45.5307214],[-122.6558756,45.5307203],[-122.6557297,45.5306138],[-122.6554619,45.5306151],[-122.6554643,45.5305147],[-122.6564015,45.530513],[-122.6564538,45.5304723],[-122.6564528,45.5302017],[-122.6564067,45.5301576],[-122.6547967,45.5301508],[-122.6547407,45.5301903],[-122.654745,45.5304732],[-122.654785,45.5305073],[-122.6550538,45.5305078],[-122.6550514,45.5301812],[-122.6553736,45.5301812],[-122.6553736,45.5306803],[-122.6550514,45.5306803],[-122.6550516,45.5306159]]]}'
"",179097689,'{"type":"LineString","coordinates":[[-122.6520302,45.5298423],[-122.6523007,45.5298317],[-122.6523959,45.5298482],[-122.6524458,45.5298729],[-122.6524654,45.5298934],[-122.6525389,45.5300543],[-122.6525559,45.5300801]]}'
"Northeast Multnomah Street",39706466,'{"type":"LineString","coordinates":[[-122.6616748,45.531511],[-122.6615531,45.5315104],[-122.6607751,45.5315072],[-122.660661,45.5315072],[-122.6605972,45.5315072],[-122.6605325,45.5315072],[-122.6597086,45.5315035],[-122.6596445,45.5315035],[-122.6595712,45.5315035],[-122.6587286,45.5315004],[-122.6586523,45.5315005],[-122.658623,45.5315005],[-122.6585062,45.5315006],[-122.6577211,45.531497],[-122.6567295,45.5314946],[-122.6565989,45.5314934],[-122.6564799,45.5314923],[-122.6547039,45.5314882],[-122.6546027,45.5314894]]}'
"Lloyd Center",27400716,'{"type":"Polygon","coordinates":[[[-122.653074,45.5320443],[-122.651604,45.532042],[-122.6508605,45.5320458],[-122.6508647,45.5322387],[-122.6508615,45.5324536],[-122.6508589,45.5325508],[-122.6514769,45.5325549],[-122.6514777,45.5326186],[-122.650891,45.5326196],[-122.6508929,45.5329523],[-122.6515192,45.5329512],[-122.6528984,45.5329563],[-122.6528941,45.5335154],[-122.6528932,45.5335359],[-122.653559,45.5335381],[-122.6540754,45.5335386],[-122.6540756,45.5335193],[-122.6540738,45.5328076],[-122.6557235,45.5328035],[-122.6558085,45.532802],[-122.6558075,45.5327706],[-122.6561884,45.5327693],[-122.6564145,45.5327691],[-122.6564192,45.5323803],[-122.6564178,45.5323167],[-122.6564046,45.5323165],[-122.6564074,45.5322102],[-122.6564029,45.5321736],[-122.6563822,45.5321395],[-122.6563537,45.5321146],[-122.6563276,45.5320987],[-122.6562813,45.5320844],[-122.6562179,45.5320791],[-122.6559301,45.5320751],[-122.655804,45.5319723],[-122.6557613,45.5319374],[-122.6557356,45.5319591],[-122.6539886,45.5319548],[-122.6539857,45.5324102],[-122.6530714,45.5324086],[-122.653074,45.5320443]]]}'
"Northeast Holladay Street",159113717,'{"type":"LineString","coordinates":[[-122.654449,45.5301459],[-122.6545491,45.530146],[-122.6545786,45.530146],[-122.6546149,45.530146],[-122.6547358,45.5301461]]}'
"",5529133,'{"type":"LineString","coordinates":[[-122.6533027,45.5292942],[-122.6532108,45.5293443],[-122.6526905,45.5294822],[-122.6526303,45.5295097],[-122.6525981,45.5295455],[-122.652586,45.529596],[-122.6525696,45.5296561]]}'
"Northeast 11th Avenue",162041865,'{"type":"LineString","coordinates":[[-122.6544492,45.5299374],[-122.6544522,45.5297733]]}'
"Northeast 16th Drive",39558776,'{"type":"LineString","coordinates":[[-122.6536495,45.5292508],[-122.6534916,45.5292429],[-122.6533027,45.5292942],[-122.6531866,45.5293012],[-122.6528375,45.5293947],[-122.652506,45.5294873],[-122.6522216,45.5295563],[-122.6519957,45.5296077],[-122.6518109,45.5296436],[-122.6516826,45.5296844]]}'
"",30288356,'{"type":"LineString","coordinates":[[-122.6511063,45.5299763],[-122.6512111,45.5299774],[-122.651311,45.529975],[-122.6514101,45.5299706],[-122.651544,45.5299554],[-122.6516656,45.5299375],[-122.651805,45.5299082],[-122.6519017,45.5298829],[-122.6520302,45.5298423],[-122.6521788,45.5297934],[-122.652306,45.5297535],[-122.6525696,45.5296561]]}'
"",39239717,'{"type":"LineString","coordinates":[[-122.6523976,45.5313386],[-122.6520993,45.5313376],[-122.652049,45.5313377],[-122.6519188,45.5313658],[-122.6506712,45.5313624],[-122.6506727,45.531135],[-122.6506039,45.531135],[-122.6506129,45.5304765],[-122.6506618,45.5304614],[-122.6507624,45.5303388],[-122.6508193,45.5302919],[-122.6508832,45.5302477],[-122.6510365,45.5301754],[-122.6511881,45.5301805],[-122.6512939,45.5301382],[-122.6522932,45.5301407],[-122.6524103,45.530231],[-122.6523976,45.5313386]]}'
"",162042159,'{"type":"LineString","coordinates":[[-122.6564417,45.5299445],[-122.6564418,45.5299979],[-122.656442,45.5300621],[-122.6564421,45.5300948],[-122.6564422,45.5301361]]}'
"Northeast 9th Avenue",124108592,'{"type":"LineString","coordinates":[[-122.6566018,45.5288227],[-122.656588,45.5292566],[-122.656586,45.5293157],[-122.6565723,45.5297242],[-122.6565795,45.5298289],[-122.6565869,45.529944],[-122.6565919,45.5299978],[-122.6565979,45.5300633],[-122.6566009,45.5300958],[-122.6566047,45.5301369],[-122.6566068,45.53016],[-122.656601,45.5313985],[-122.6565989,45.5314934],[-122.6565966,45.5315968],[-122.6565881,45.5335488],[-122.6565884,45.5336342],[-122.6565887,45.533726],[-122.6565872,45.5339593],[-122.6565852,45.5342668],[-122.6565851,45.5343514],[-122.656585,45.5344275],[-122.6565824,45.5349664],[-122.6565833,45.5350535]]}'
"Metropolitan Area Express",30288485,'{"type":"LineString","coordinates":[[-122.6556524,45.530059],[-122.6558009,45.5300714],[-122.6559019,45.5300845],[-122.6559929,45.5300934]]}'
"Lloyd Center Tower",152145164,'{"type":"Polygon","coordinates":[[[-122.6539886,45.5319548],[-122.6539896,45.5319001],[-122.653994,45.5316705],[-122.6530849,45.5316566],[-122.653074,45.5320443],[-122.6530714,45.5324086],[-122.6539857,45.5324102],[-122.6539886,45.5319548]]]}'
"Northeast Holladay Street",124113070,'{"type":"LineString","coordinates":[[-122.6586243,45.5300075],[-122.6584788,45.5300029],[-122.657625,45.5299949],[-122.657098,45.5299972],[-122.6565919,45.5299978],[-122.6564418,45.5299979],[-122.6547354,45.5299991],[-122.6545831,45.5299986]]}'
"",125785931,'{"type":"LineString","coordinates":[[-122.6526935,45.5301513],[-122.6526927,45.5301129],[-122.6526929,45.5300845],[-122.6526931,45.5300551],[-122.6526935,45.5299963]]}'
"Northeast Holladay Street",162042020,'{"type":"LineString","coordinates":[[-122.6564417,45.5299445],[-122.6563141,45.5299494],[-122.6561946,45.5299557],[-122.6560539,45.5299612],[-122.6560237,45.5299612],[-122.6550024,45.5299512]]}'
"Metropolitan Area Express",30288513,'{"type":"LineString","coordinates":[[-122.6668348,45.5292961],[-122.6667911,45.5294005],[-122.6667581,45.5294769],[-122.6667344,45.5295144],[-122.6667176,45.5295468],[-122.666694,45.5295781],[-122.6666666,45.5296127],[-122.6666345,45.5296523],[-122.6665933,45.5296923],[-122.6665659,45.5297211],[-122.6665252,45.5297507],[-122.6664823,45.5297847],[-122.6664355,45.5298131],[-122.666366,45.5298626],[-122.6662477,45.5299446],[-122.6661501,45.530011],[-122.6661147,45.5300295],[-122.6660655,45.5300484],[-122.6660099,45.5300649],[-122.6659554,45.5300773],[-122.6659086,45.5300834],[-122.6658515,45.5300885],[-122.665787,45.5300911],[-122.6657317,45.5300891],[-122.6656692,45.5300869],[-122.6652439,45.5300865],[-122.664876,45.5300862],[-122.6647343,45.5300853],[-122.6646336,45.5300843],[-122.6639626,45.5300828],[-122.663827,45.5300807],[-122.6637189,45.5300799],[-122.663619,45.5300792],[-122.662736,45.5300771],[-122.6626727,45.530077],[-122.6622659,45.5300754],[-122.661827,45.5300737],[-122.6616831,45.5300735],[-122.6615542,45.5300734],[-122.6607952,45.5300762],[-122.6606698,45.5300761],[-122.6606044,45.530076],[-122.6605557,45.5300759],[-122.6597522,45.530073],[-122.6596813,45.5300727],[-122.6595617,45.5300723],[-122.6587835,45.5300697],[-122.6586603,45.5300745],[-122.65863,45.5300756],[-122.6584793,45.5300815],[-122.6580638,45.5300817],[-122.6576222,45.5300759],[-122.6571177,45.5300683],[-122.6567966,45.5300646],[-122.6565979,45.5300633],[-122.656442,45.5300621],[-122.6556524,45.530059],[-122.6547356,45.5300503],[-122.6545815,45.5300505],[-122.6544491,45.5300514],[-122.6540161,45.5300502],[-122.653589,45.530049],[-122.6532358,45.5300528],[-122.6526931,45.5300551],[-122.6525572,45.5300544],[-122.6525389,45.5300543],[-122.6522837,45.5300568],[-122.6520887,45.5300563],[-122.6515641,45.5300613],[-122.6513176,45.5300599],[-122.6511789,45.5300566],[-122.6510251,45.5300524]]}'
"Northeast Holladay Street",162042019,'{"type":"LineString","coordinates":[[-122.6550024,45.5299512],[-122.6548173,45.5299494],[-122.6547872,45.5299494],[-122.654757,45.5299463],[-122.6547353,45.5299388]]}'
"",125785934,'{"type":"LineString","coordinates":[[-122.6547358,45.5301461],[-122.6547357,45.5300994],[-122.6547356,45.5300503],[-122.6547354,45.5299991],[-122.6547353,45.5299388]]}'
"",161929467,'{"type":"LineString","coordinates":[[-122.6567279,45.5313986],[-122.6567295,45.5314946],[-122.65673,45.5315963]]}'
"Metropolitan Area Express",30288515,'{"type":"LineString","coordinates":[[-122.6509412,45.5300892],[-122.6511845,45.5300951],[-122.6514734,45.5301008],[-122.6519902,45.5301023],[-122.6523222,45.5301043],[-122.6525544,45.5301109],[-122.6526927,45.5301129],[-122.6528829,45.5301171],[-122.6531382,45.5301192],[-122.653589,45.5301172],[-122.6540177,45.5301126],[-122.654449,45.5301079],[-122.6545799,45.530104],[-122.6546035,45.530103],[-122.6547357,45.5300994],[-122.6549256,45.5300936],[-122.6551287,45.5300916],[-122.6553904,45.5300907],[-122.6559929,45.5300934],[-122.6564421,45.5300948],[-122.6566009,45.5300958],[-122.6567958,45.530097],[-122.6571152,45.5300995],[-122.6576209,45.530112],[-122.6580636,45.5301149],[-122.6584795,45.5301129],[-122.6586328,45.5301094],[-122.6586607,45.5301088],[-122.6587836,45.5301059],[-122.6595611,45.5301062],[-122.659681,45.5301062],[-122.6597517,45.5301064],[-122.660556,45.5301084],[-122.660604,45.5301086],[-122.6606693,45.5301089],[-122.6607951,45.5301095],[-122.6615541,45.5301082],[-122.6616833,45.5301073],[-122.6618267,45.5301063],[-122.6622645,45.530107],[-122.6626722,45.5301077],[-122.6627357,45.5301081],[-122.6636188,45.5301129],[-122.6637188,45.5301141],[-122.6638283,45.5301154],[-122.663881,45.5301162],[-122.6639951,45.5301257],[-122.6641151,45.5301314],[-122.664294,45.5301342]]}'
"Northeast Multnomah Street",161929403,'{"type":"LineString","coordinates":[[-122.6544912,45.5313938],[-122.6544249,45.5313934],[-122.654197,45.5313936]]}'
"Northeast 13th Avenue",171961422,'{"type":"LineString","coordinates":[[-122.6525559,45.5300801],[-122.6525544,45.5301109],[-122.6525525,45.5301489],[-122.6525506,45.5301875],[-122.6525437,45.5313507],[-122.6525436,45.531482]]}'
"",31798992,'{"type":"LineString","coordinates":[[-122.6557356,45.5319591],[-122.6557366,45.5319256],[-122.6559007,45.5318163],[-122.6559034,45.5316004],[-122.6546036,45.5315956],[-122.6524222,45.5315875],[-122.652422,45.5315967],[-122.6514713,45.5315931],[-122.6514692,45.5319599],[-122.6514686,45.5320009],[-122.6516035,45.5320009],[-122.651604,45.532042],[-122.653074,45.5320443],[-122.6530849,45.5316566],[-122.653994,45.5316705],[-122.6539896,45.5319001],[-122.6539886,45.5319548],[-122.6557356,45.5319591]]}'
"Northeast Lloyd Boulevard",106005566,'{"type":"LineString","coordinates":[[-122.6525696,45.5296561],[-122.6531597,45.5294645],[-122.6533493,45.5294009],[-122.6535221,45.5293428],[-122.6536495,45.5292508]]}'
"",129266492,'{"type":"LineString","coordinates":[[-122.6541592,45.5308227],[-122.6544786,45.5308215]]}'
"Northeast Multnomah Street",161929411,'{"type":"LineString","coordinates":[[-122.6562249,45.5315864],[-122.6558048,45.5315822],[-122.6551395,45.5315827],[-122.654704,45.5315811]]}'
"",124103911,'{"type":"LineString","coordinates":[[-122.6537893,45.5295796],[-122.653741,45.5295789],[-122.6537059,45.5295727],[-122.653682,45.5295417],[-122.6536823,45.5293836],[-122.6536495,45.5292508]]}'
"Northeast Holladay Street",124103902,'{"type":"LineString","coordinates":[[-122.6545831,45.5299986],[-122.6544491,45.5299986],[-122.653589,45.5299979],[-122.6526935,45.5299963],[-122.6525601,45.5299956]]}'
"Lloyd District Express",119496810,'{"type":"LineString","coordinates":[[-122.6525696,45.5296561],[-122.6525622,45.5297324],[-122.6525601,45.5299956],[-122.6525572,45.5300544],[-122.6525559,45.5300801]]}'